,route_id,route_short_name
0,1000,526-ΣΤΑΘΜΟΣ ΚΗΦΙΣΙΑΣ - ΚΕΦΑΛΑΡΙ (ΚΥΚΛΙΚΗ)
1,1001,524-ΣΤΑΘΜΟΣ ΚΗΦΙΣΙΑΣ - ΠΟΛΙΤΕΙΑ (ΚΥΚΛΙΚΗ)
2,1004,221-ΠΑΝΕΠΙΣΤΗΜΙΟΥΠΟΛΗ - ΑΚΑΔΗΜΙΑ (ΚΥΚΛΙΚΗ)
3,1005,316-ΣΤ. ΝΟΜΙΣΜΑΤΟΚΟΠΕΙΟ - ΑΡΤΕΜΙΣ
4,1006,309-ΚΟΡΩΠΙ - ΣΤ. ΠΡΟΑΣΤΙΑΚΟΥ - ΚΟΡΩΠΙ (ΚΥΚΛΙΚΗ)
5,1007,653-ΨΥΧΙΚΟ - ΠΑΝΟΡΜΟΥ Β (ΚΥΚΛΙΚΗ)
6,1008,115-ΓΛΥΦΑΔΑ - ΒΟΥΛΙΑΓΜΕΝΗ - ΚΙΤΣΙ
7,1009,836-ΠΛ. ΚΟΥΜΟΥΝΔΟΥΡΟΥ - ΠΑΛΑΣΚΑ
8,1010,818-ΛΙΜ. ΠΕΡΑΜΑΤΟΣ - ΑΝΩ ΠΕΡΑΜΑ (ΚΥΚΛΙΚΗ)
9,1011,838-ΟΜΟΝΟΙΑ - ΡΕΝΤΗΣ - ΠΑΛ. ΚΟΚΚΙΝΙΑ (ΚΥΚΛΙΚΗ)
10,1013,859-ΠΕΙΡΑΙΑΣ-ΔΕΞΑΜΕΝΕΣ-ΝΕΟΣ ΜΩΛΟΣ ΔΡΑΠΕΤΣΩΝΑΣ (ΚΥΚΛΙΚΗ)
11,1014,860-Π. ΦΑΛΗΡΟ - ΓΕΝ. ΚΡΑΤΙΚΟ ΝΙΚΑΙΑΣ - ΣΧΙΣΤΟ ΚΕΡΑΤΣΙΝΙΟΥ
12,1015,904-ΠΛ. ΚΑΡΑΪΣΚΑΚΗ - ΣΤ. ΠΕΙΡΑΙΑ - ΦΡΕΑΤΤΥΔΑ (ΚΥΚΛΙΚΗ)
13,1017,911-ΣΤΑΘ. ΚΑΛΛΙΘΕΑΣ - ΙΔΡ. ΤΥΦΛΩΝ (ΚΥΚΛΙΚΗ)
14,1018,915-ΛΟΦΟΣ ΒΩΚΟΥ - ΠΡ. ΗΛΙΑΣ (ΚΥΚΛΙΚΗ)
15,1020,Α10-ΣΤΑΘΜΟΣ ΛΑΡΙΣΗΣ - ΑΧΑΡΝΑΙ
16,1021,Β10-ΣΤΑΘΜΟΣ ΛΑΡΙΣΗΣ - ΑΧΑΡΝΑΙ (ΜΕΣΩ ΑΡΙΣΤΟΤΕΛΟΥΣ)
17,1022,702-ΤΟΠΙΚΗ ΚΑΜΑΤΕΡΟΥ (ΣΧΟΛΙΚΗ) (ΚΥΚΛΙΚΗ)
18,1023,Β9-ΧΑΛΚΟΚΟΝΔΥΛΗ - ΜΕΤΑΜΟΡΦΩΣΗ - Ν. ΚΗΦΙΣΙΑ
19,1024,Β5-ΣΤ. ΛΑΡΙΣΗΣ - Λ. ΑΛΕΞΑΝΔΡΑΣ - ΑΓ. ΠΑΡΑΣΚΕΥΗ
20,1025,Χ95-ΣΥΝΤΑΓΜΑ - ΑΕΡΟΛ. ΑΘΗΝΩΝ (EXPRESS)
21,1026,106-ΑΓ. ΒΑΡΒΑΡΑ - ΣΤ. ΣΥΓΓΡΟΥ ΦΙΞ (ΚΥΚΛΙΚΗ)
22,1027,126-ΠΑΛ. ΦΑΛΗΡΟ - ΣΤ. ΣΥΓΓΡΟΥ ΦΙΞ (ΚΥΚΛΙΚΗ)
23,1028,112-ΑΓ. ΔΗΜΗΤΡΙΟΣ - ΣΤ. ΔΑΦΝΗ (ΚΥΚΛΙΚΗ)
24,1030,137-ΑΝΩ Ν. ΣΜΥΡΝΗ Α - ΣΤ. ΣΥΓΓΡΟΥ ΦΙΞ (ΚΥΚΛΙΚΗ)
25,1031,136-ΑΝΩ Ν. ΣΜΥΡΝΗ Β - ΣΤ. ΣΥΓΓΡΟΥ ΦΙΞ (ΚΥΚΛΙΚΗ)
26,1032,141-ΣΤ. ΔΑΦΝΗ - ΚΑΛΑΜΑΚΙ (ΚΥΚΛΙΚΗ)
27,1033,217-ΠΕΙΡΑΙΑΣ - ΑΓ. ΔΗΜΗΤΡΙΟΣ - ΣΤ. ΔΑΦΝΗ
28,1034,229-ΠΕΙΡΑΙΑΣ - ΑΓ. ΔΗΜΗΤΡΙΟΣ - ΣΤ. ΔΑΦΝΗ
29,1035,218-ΠΕΙΡΑΙΑΣ - ΣΤ. ΔΑΦΝΗ
30,1036,219-ΣΤ. ΚΑΛΛΙΘΕΑ - ΑΓ. ΔΗΜΗΤΡΙΟΣ
31,1037,816-ΤΑΥΡΟΣ - ΑΓ. ΔΗΜΗΤΡΙΟΣ
32,1039,302-ΣΤ. ΔΟΥΚ. ΠΛΑΚΕΝΤΙΑΣ - ΓΕΡΑΚΑΣ (ΚΥΚΛΙΚΗ)
33,1041,307-ΣΤ. Δ.ΠΛΑΚΕΝΤΙΑΣ - ΓΛ. ΝΕΡΑ - ΣΤ.ΠΡΟΑΣΤ. ΚΟΡΩΠΙ
34,1042,306-ΣΤ.ΔΟΥΚ.ΠΛΑΚΕΝΤΙΑΣ-ΔΗΜ.ΓΕΡΑΚΑ-ΜΠΑΛΑΝΑ ΓΕΡΑΚΑ (ΚΥΚΛΙΚΗ)
35,1043,330-ΚΟΡΩΠΙ - ΑΓ. ΜΑΡΙΝΑ (ΚΥΚΛΙΚΗ)
36,1045,323-ΑΓ.ΝΙΚΟΛΑΟΣ -  ΑΓ.ΚΥΡΙΑΚΗ -  ΒΡΑΥΡΩΝΑ (ΚΥΚΛΙΚΗ)
37,1047,319-ΣΤ. ΔΟΥΚ. ΠΛΑΚΕΝΤΙΑΣ - ΠΑΛΛΗΝΗ - ΕΚΠΤ. ΧΩΡΙΟ ΣΠΑΤΑ (ΚΥΚΛΙΚΗ)
38,1050,402-ΣΤ. ΚΑΤΕΧΑΚΗ - ΠΟΛΥΔΡΟΣΟ
39,1053,411-ΣΤ. ΔΟΥΚ. ΠΛΑΚΕΝΤΙΑΣ - ΣΙΣΜΑΝΟΓΛΕΙΟ - ΧΑΛΑΝΔΡΙ (ΚΥΚΛΙΚΗ)
40,1055,446-ΣΤ. ΑΜΑΡΟΥΣΙΟΥ - ΝΟΣΟΚ. ΠΕΝΤΕΛΗΣ (ΜΕΣΩ ΠΙΚΠΑ)
41,1056,444-ΣΤ. ΕΙΡΗΝΗ - ΓΑΛΑΤΣΙ - ΣΤ. ΑΝΩ ΠΑΤΗΣΙΑ (ΚΥΚΛΙΚΗ)
42,1057,651-ΨΥΧΙΚΟ - ΠΑΝΟΡΜΟΥ Α (ΚΥΚΛΙΚΗ)
43,1058,Α5-ΑΚΑΔΗΜΙΑ - ΑΓ. ΠΑΡΑΣΚΕΥΗ - ΑΝΘΟΥΣΑ
44,1059,450-ΣΤ. ΧΑΛΑΝΔΡΙ - ΧΑΛΑΝΔΡΙ - Ν. ΠΕΝΤΕΛΗ
45,1060,451-ΣΤ. ΧΑΛΑΝΔΡΙ - Ν. ΠΕΝΤΕΛΗ - ΧΑΛΑΝΔΡΙ (ΚΥΚΛΙΚΗ)
46,1061,460-ΣΤ. ΧΑΛΑΝΔΡΙ - ΧΑΛΑΝΔΡΙ - Π. ΠΕΝΤΕΛΗ
47,1062,461-ΣΤ. ΧΑΛΑΝΔΡΙ - Π. ΠΕΝΤΕΛΗ - ΧΑΛΑΝΔΡΙ (ΚΥΚΛΙΚΗ)
48,1063,619-ΜΕΤΑΜΟΡΦΩΣΗ - Ν. ΦΙΛΑΔΕΛΦΕΙΑ - ΣΤ. ΑΝΩ ΠΑΤΗΣΙΑ (ΚΥΚΛΙΚΗ)
49,1064,724- ΑΧΑΡΝΑΙ (ΜΕΣΟΝΥΧΙ) - Ν. ΙΩΝΙΑ (ΚΥΚΛΙΚΗ) 
50,1065,740-ΟΛΥΜΠ. ΧΩΡΙΟ - ΣΚΑ - ΑΧΑΡΝΑΙ - ΑΓ. ΑΝΝΑ (ΚΥΚΛΙΚΗ)
51,1066,823-ΣΤ. ΑΓ. ΑΝΤΩΝΙΟΣ - ΑΓ. ΒΑΣΙΛΕΙΟΣ (ΚΥΚΛΙΚΗ)
52,1067,822-ΣΤ. ΑΓ. ΑΝΤΩΝΙΟΣ - ΝΕΑ ΖΩΗ (ΚΥΚΛΙΚΗ)
53,1068,3-Ν. ΦΙΛΑΔΕΛΦΕΙΑ - ΑΝΩ ΠΑΤΗΣΙΑ - ΝΕΟ ΨΥΧΙΚΟ
54,1069,1-ΠΛ. ΑΤΤΙΚΗΣ - ΚΑΛΛΙΘΕΑ - ΜΟΣΧΑΤΟ
55,1070,2-ΑΝΩ ΚΥΨΕΛΗ - ΠΑΓΚΡΑΤΙ - ΚΑΙΣΑΡΙΑΝΗ
56,1071,4-ΑΝΩ ΚΥΨΕΛΗ - ΑΓ. ΑΡΤΕΜΙΟΣ - ΣΤ. ΑΓ. ΙΩΑΝΝΗΣ
57,1072,5-ΛΑΜΠΡΙΝΗ - ΠΛ. ΣΥΝΤΑΓΜΑΤΟΣ - ΤΖΙΤΖΙΦΙΕΣ
58,1073,6-ΙΠΠΟΚΡΑΤΟΥΣ - ΚΟΣΜΑΣ ΑΙΤΩΛΟΣ - Ν. ΦΙΛΑΔΕΛΦΕΙΑ
59,1074,15-ΠΕΤΡΑΛΩΝΑ - ΔΙΚΑΣΤΗΡΙΑ - ΕΛ. ΒΕΝΙΖΕΛΟΥ
60,1076,16-ΑΓ. ΙΩΑΝΝΗΣ ΡΕΝΤΗΣ - ΠΕΙΡΑΙΑΣ (ΚΥΚΛΙΚΗ)
61,1077,10-ΤΖΙΤΖΙΦΙΕΣ - ΧΑΛΑΝΔΡΙ
62,1078,14 -ΛΑΜΠΡΙΝΗ - Λ. ΑΛΕΞΑΝΔΡΑΣ - ΓΗΡΟΚΟΜΕΙΟ
63,1079,11-ΑΝΩ ΠΑΤΗΣΙΑ - Ν. ΠΑΓΚΡΑΤΙ - Ν. ΕΛΒΕΤΙΑ
64,1080,12-ΖΑΠΠΕΙΟ - ΠΕΡΙΣΤΕΡΙ (ΑΓ. ΙΕΡΟΘΕΟΣ)
65,1081,24-ΠΕΤΡΟΥΠΟΛΗ - ΙΛΙΟΝ - ΣΤ. ΑΓ. ΑΝΤΩΝΙΟΣ (ΚΥΚΛΙΚΗ)
66,1082,21-ΝΙΚΑΙΑ - Π. ΡΑΛΛΗ - ΟΜΟΝΟΙΑ (ΚΥΚΛΙΚΗ)
67,1083,20-Ν. ΦΑΛΗΡΟ - ΚΑΣΤΕΛΛΑ - ΔΡΑΠΕΤΣΩΝΑ
68,1084,19-ΜΟΥΣΕΙΟ - ΣΤ. ΧΑΛΑΝΔΡΙΟΥ (ΣΙΔΕΡΑ)
69,1085,18-ΜΟΥΣΕΙΟ - ΧΑΛΑΝΔΡΙ (ΜΕΣΩ ΕΘΝ. ΑΝΤΙΣΤΑΣΕΩΣ)
70,1086,17-ΠΕΙΡΑΙΑΣ - ΑΓ. ΓΕΩΡΓΙΟΣ (ΚΥΚΛΙΚΗ)
71,1113,032-ΓΟΥΔΗ - ΜΑΡΑΣΛΕΙΟΣ (ΣΧΟΛΙΚΗ)
72,1114,801-ΠΕΙΡΑΙΑΣ - ΠΑΛΑΣΚΑ 
73,1117,871Τ-ΠΕΙΡΑΙΑΣ - ΣΧΙΣΤΟ (ΚΥΚΛΙΚΗ)
74,1124,123-ΣΑΡΩΝΙΔΑ-ΑΝΑΒΥΣΣΟΣ-ΠΑΛΑΙΑ ΦΩΚΑΙΑ (ΚΥΚΛΙΚΗ)
75,1129,324-ΑΝΘΟΥΣΑ-ΠΑΛΛΗΝΗ-ΚΑΝΤΖΑ (ΚΥΚΛΙΚΗ)
76,1131,709-ΤΟΠΙΚΟ ΔΡΟΣΟΥΠΟΛΗΣ (ΚΥΚΛΙΚΗ)
77,1133,725-ΑΧΑΡΝΑΙ (ΜΕΣΟΝΥΧΙ) - ΘΡΑΚΟΜΑΚΕΔΟΝΕΣ (ΠΛ.ΑΡΙΣΤΟΤΕΛΟΥΣ)  (ΚΥΚΛΙΚΗ)
78,1134,726-ΑΧΑΡΝΑΙ (ΜΕΣΟΝΥΧΙ) - ΘΡΑΚΟΜΑΚΕΔΟΝΕΣ (BOYNO)   (ΚΥΚΛΙΚΗ)
79,1137,832-ΕΥΓΕΝΕΙΑ-ΧΑΡΑΥΓΗ-ΠΕΙΡΑΙΑΣ Α (ΚΥΚΛΙΚΗ)
80,1144,755-ΑΧΑΡΝΑΙ-ΚΟΚΚΙΝΟΣ ΜΥΛΟΣ-ΣΤ. ΚΑΤΩ ΠΑΤΗΣΙΑ (ΚΥΚΛΙΚΗ)
81,1147,727-ΜΕΣΟΝΥΧΙ - ΑΓ. ΚΩΝΣΤΑΝΤΙΝΟΣ - ΑΓ.ΠΑΡΑΣΚΕΥΗ (ΚΥΚΛΙΚΗ)
82,1151,021-ΠΛΑΤΕΙΑ ΚΑΝΙΓΓΟΣ - ΓΚΥΖH (ΚΥΚΛΙΚΗ)
83,1153,Χ96-ΠΕΙΡΑΙΑΣ - ΑΕΡ/ΝΑΣ ΑΘΗΝΩΝ (EXPRESS)-ΝΥΧΤΕΡΙΝΗ
84,1158,25-ΣΤ. ΑΓ. ΑΝΤΩΝΙΟΣ - ΙΛΙΟΝ - ΚΑΜΑΤΕΡΟ (ΚΥΚΛΙΚΗ)
85,1162,301-ΣΤ. ΔΟΥΚ. ΠΛΑΚΕΝΤΙΑΣ - ΑΝΘΟΥΣΑ - ΠΕΝΤΕΛΗ (ΚΥΚΛΙΚΗ)
86,1164,420-ΠΕΙΡΑΙΑΣ - ΑΓ. ΑΝΑΡΓΥΡΟΙ  (ΜΕΣΩ ΚΗΦΙΣΟΥ) 
87,1165,301Β-ΣΤ. ΔΟΥΚ. ΠΛΑΚΕΝΤΙΑΣ-ΑΝΘΟΥΣΑ-ΠΕΝΤΕΛΗ (ΚΥΚΛΙΚΗ)
88,1172,206-ΑΓ.ΜΑΡΙΝΑ - ΣΤ. ΔΑΦΝΗΣ (ΚΥΚΛΙΚΗ)
89,1173,237-ΑΝΩ ΗΛΙΟΥΠΟΛΗ - ΣΤ. ΔΑΦΝΗΣ (ΚΥΚΛΙΚΗ)
90,1175,131-ΑΜΑΞ. ΑΓ. ΔΗΜΗΤΡΙΟΥ - ΣΤ. ΔΑΦΝΗΣ (ΚΥΚΛΙΚΗ)
91,1176,201-ΣΤ. ΑΓ. ΔΗΜΗΤΡΙΟΣ - ΑΡΓΥΡΟΥΠΟΛΗ (ΚΥΚΛΙΚΗ)
92,1178,204Β-ΕΚΕΜΣ - ΑΚΑΔΗΜΙΑ(ΚΥΚΛΙΚΗ)
93,1183,891-ΑΓ. ΒΑΡΒΑΡΑ - ΑΙΓΑΛΕΩ - ΠΕΡΙΣΤΕΡΙ - ΣΤΑΘ. ΑΤΤΙΚΗΣ (ΚΥΚΛΙΚΗ)
94,1184,Α8-ΠΟΛΥΤΕΧΝΕΙΟ - Ν. ΙΩΝΙΑ - ΜΑΡΟΥΣΙ (ΕΝΑΛΛΑΚΤΙΚΗ ΛΟΓΩ ΑΓΩΝΑ-ΟΑΚΑ)
95,1187,509-ΖΗΡΙΝΕΙΟ - ΑΓ. ΣΤΕΦΑΝΟΣ - ΚΡΥΟΝΕΡΙ
96,1188,444-ΣΤ. ΕΙΡΗΝΗ - ΓΑΛΑΤΣΙ - ΣΤ. ΑΝΩ ΠΑΤΗΣΙΑ (ΕΝΑΛΛΑΚΤΙΚΗ ΛΟΓΩ ΑΓΩΝΑ-ΟΑΚΑ)
97,1190,410-Ο.Α.Κ.Α. - ΑΝΩ ΜΕΛΙΣΣΙΑ (ΕΝΑΛΛΑΚΤΙΚΗ ΛΟΓΩ ΑΓΩΝΑ-ΟΑΚΑ)
98,1197,833-ΕΥΓΕΝΕΙΑ-ΧΑΡΑΥΓΗ-ΠΕΙΡΑΙΑΣ Β (ΚΥΚΛΙΚΗ)
99,1202,712-ΑΧΑΡΝΑΙ-ΕΡΓ. ΠΟΛΥΚΑΤΟΙΚΙΕΣ-Α. ΛΙΟΣΙΑ (ΠΑΝΟΡΑΜΑ) 
100,1203,Ε90-ΠΕΙΡΑΙΑΣ - ΠΑΝΕΠΙΣΤΗΜΙΟΥΠΟΛΗ (ΣΧΟΛΙΚΗ EXPRESS)
101,1205,509-ΖΗΡΙΝΕΙΟ - ΑΓ. ΣΤΕΦΑΝΟΣ - ΚΡΥΟΝΕΡΙ (ΜΕΧΡΙ ΚΥΝΟΥΡΙΑ)
102,1209,822-ΣΤ.ΑΓ.ΑΝΤΩΝΙΟΣ -ΝΕΑ ΖΩΗ (ΑΠΟ ΑΛΣΟΣ ΝΕΑ ΖΩΗ ΕΩΣ ΟΜΟΝΟΙΑ)
103,1210,822-ΣΤ.ΑΓ.ΑΝΤΩΝΙΟΣ -ΝΕΑ ΖΩΗ (ΑΠΟ ΑΛΣΟΣ ΝΕΑ ΖΩΗ ΕΩΣ ΣΤ. ΑΓ.ΑΝΤΩΝΙΟΣ)
104,1211,822-ΣΤ.ΑΓ.ΑΝΤΩΝΙΟΣ -ΝΕΑ ΖΩΗ (ΑΠΟ ΣΤ. ΑΓ.ΑΝΤΩΝΙΟΣ ΕΩΣ ΑΛΣΟΣ ΝΕΑ ΖΩΗ)
105,1212,509-ΖΗΡΙΝΕΙΟ - ΑΓ. ΣΤΕΦΑΝΟΣ (ΠΕΥΚΟΦΥΤΟ) - ΚΡΥΟΝΕΡΙ (ΜΕΧΡΙ ΚΥΝΟΥΡΙΑ)
106,1219,036-ΣΤ. ΚΑΤΕΧΑΚΗ -ΣΤ. ΠΑΝΟΡΜΟΥ-ΓΑΛΑΤΣΙ-ΚΥΨΕΛΗ (ΜΕΧΡΙ ΠΛΑΤΕΙΑ ΚΥΨΕΛΗΣ)
107,1220,036-ΣΤ. ΚΑΤΕΧΑΚΗ -ΣΤ. ΠΑΝΟΡΜΟΥ-ΓΑΛΑΤΣΙ-ΚΥΨΕΛΗ (ΑΠΟ ΠΛΑΤΕΙΑ ΚΥΨΕΛΗΣ)
108,1221,106-ΑΓ. ΒΑΡΒΑΡΑ - ΣΤ. ΣΥΓΓΡΟΥ ΦΙΞ (ΕΩΣ ΑΚΑΔΗΜΙΑ)
109,1223,326-ΣΤ. ΚΑΝΤΖΑ - ΣΠΑΤΑ - ΑΡΤΕΜΙΣ (ΚΥΚΛΙΚΗ)
110,1228,831-ΠΕΙΡΑΙΑΣ-ΑΙΓΑΛΕΩ (ΕΝΑΛΛΑΚΤΙΚΗ ΛΟΓΩ ΛΑΪΚΗΣ ΚΑΘΕ ΔΕΥΤΕΡΑ)
111,1236,416-ΣΤ.ΕΘΝ.ΑΜΥΝΑΣ - ΧΟΛΑΡΓΟΣ (ΚΥΚΛΙΚΗ)
112,1237,418-ΣΤ. ΕΘΝΙΚΗΣ ΑΜΥΝΑΣ-ΣΧΟΛ. ΧΟΛΑΡΓΟΥ (ΚΥΚΛΙΚΗ)
113,1241,310-ΜΑΡΑΘΩΝΑΣ-ΝΕΑ ΜΑΚΡΗ-ΡΑΦΗΝΑ-ΜΑΤΙ-ΜΑΡΑΘΩΝΑΣ (ΚΥΚΛΙΚΗ)
114,1244,700-ΠΕΤΡΟΥΠΟΛΗ (ΑΓ. ΤΡΙΑΔΑ)-ΣΤ. ΑΝΘΟΥΠΟΛΗ (ΚΥΚΛΙΚΗ)
115,1247,706-ΣΤ. ΑΓ. ΑΝΤΩΝΙΟΣ-ΙΛΙΟΝ (ΜΕΣΩ Λ. ΑΝ. ΠΑΠΑΝΔΡΕΟΥ)
116,1259,749-ΟΙΚΙΣΜΟΣ ΓΕΝΝΗΜΑΤΑ-ΣΤ. ΠΡΟΑΣΤΙΑΚΟΥ (ΚΥΚΛΙΚΗ)
117,1260,535Α-ΖΗΡΙΝΕΙΟ - ΕΥΞΕΙΝΟΣ ΠΟΝΤΟΣ - ΦΡΑΓΜΑ - ΚΑΛΕΤΖΙ (ΚΥΚΛΙΚΗ)
118,1262,890-ΣΤ. ΑΓ. ΜΑΡΙΝΑ - ΝΑΥΠΗΓΕΙΑ ΣΚΑΡΑΜΑΓΚΑ
119,1264,790-ΓΛΥΦΑΔΑ - ΠΕΡΙΣΤΕΡΙ (ΑΓ. ΑΝΤΩΝΙΟΣ) ΝΥΧΤΕΡΙΝΗ
120,1270,865-ΑΜΑΞΟΣΤΑΣΙΟ ΒΟΤΑΝΙΚΟΥ - ΜΑΝΔΡΑ
121,1271,314-ΣΤ.ΔΟΥΚ.ΠΛΑΚΕΝΤΙΑΣ - ΠΑΛΛΗΝΗ - ΡΑΦΗΝΑ (ΜΕΣΩ ΠΑΝΟΡΑΜΑΤΟΣ)
122,1272,314-ΣΤ.ΔΟΥΚ.ΠΛΑΚΕΝΤΙΑΣ - ΠΑΛΛΗΝΗ - ΡΑΦΗΝΑ
123,1275,15-ΠΕΤΡΑΛΩΝΑ - ΔΙΚΑΣΤΗΡΙΑ - ΕΛ. ΒΕΝΙΖΕΛΟΥ (ΕΩΣ ΟΜΟΝΟΙΑ)
124,1324,740-ΟΛΥΜΠ. ΧΩΡΙΟ - ΣΚΑ - ΑΧΑΡΝΑΙ -ΟΑΚΑ
125,1325,740-ΟΑΚΑ -  ΣΚΑ - ΑΧΑΡΝΑΙ - ΟΛΥΜΠ. ΧΩΡΙΟ
126,1326,406-ΠΕΥΚΑΚΙΑ -ΣΤ.ΔΟΥΚ.ΠΛΑΚΕΝΤΙΑΣ- ΣΤ.ΝΟΜΙΣΜΑΤΟΚΟΠΕΙΟ (ΚΥΚΛΙΚΗ)
127,1327,407-ΣΤ.ΔΟΥΚ.ΠΛΑΚΕΝΤΙΑΣ- Ν. ΖΩH-ΣΤ.ΝΟΜΙΣΜΑΤΟΚΟΠΕΙΟ (ΚΥΚΛΙΚΗ)
128,1354,803-ΠΕΙΡΑΙΑΣ - ΔΑΣΟΣ ΧΑΪΔΑΡΙΟΥ
129,1357,409-ΠΑΠΑΓΟΥ - ΣΤ. ΕΘΝ. ΑΜΥΝΑ  (ΚΥΚΛΙΚΗ)
130,1361,211-ΜΕΤΑΜΟΡΦΩΣΗ - ΑΚΑΔΗΜΙΑ (ΚΥΚΛΙΚΗ)
131,1363,214-ΖΩΟΔΟΧΟΣ ΠΗΓΗ - ΑΚΑΔΗΜΙΑ (ΚΥΚΛΙΚΗ)
132,1367,866-ΑΣΠΡΟΠΥΡΓΟΣ - ΣΤ. ΑΓ. ΜΑΡΙΝΑ (ΚΥΚΛΙΚΗ)
133,1369,250-ΠΑΝΕΠΙΣΤΗΜΙΟΥΠΟΛΗ - ΣΤ. ΕΥΑΓΓΕΛΙΣΜΟΣ (ΕΩΣ ΣΤ. ΕΥΑΓΓΕΛΙΣΜΟΣ)
134,1370,410-Ο.Α.Κ.Α. - ΑΝΩ ΜΕΛΙΣΣΙΑ (ΔΙΕΛΕΥΣΗ ΑΠΟ ΝΕΚΡΟΤΑΦΕΙΟ)
135,1373,720-ΑΝΑΚΑΣΑ - ΑΓ. ΑΝΑΡΓΥΡΟΙ - ΣΤ. ΑΤΤΙΚΗ (ΚΥΚΛΙΚΗ)
136,1375,022-ΑΚΑΔΗΜΙΑ - Ν. ΚΥΨΕΛΗ (ΚΥΚΛΙΚΗ)
137,1376,060-ΑΚΑΔΗΜΙΑ - ΛΥΚΑΒΗΤΤΟΣ (ΚΥΚΛΙΚΗ)
138,1378,727-ΜΕΣΟΝΥΧΙ - ΑΓ.ΚΩΝΣΤΑΝΤΙΝΟΣ-ΑΓ.ΠΑΡΑΣΚΕΥΗ (ΕΩΣ 6ο ΓΕΝ. ΛΥΚΕΙΟ ΑΧΑΡΝΩΝ - ΠΡΩΙ)
139,1379,410-ΑΝΩ ΜΕΛΙΣΣΙΑ -Ο.Α.Κ.Α. (ΑΠΟ ΣΤΑΣΗ ΚΛΕΙΟΥΣ)
140,1380,410-Ο.Α.Κ.Α. - ΑΝΩ ΜΕΛΙΣΣΙΑ (ΕΩΣ ΣΤΑΣΗ ΚΛΕΙΟΥΣ)
141,1381,19Β-ΜΟΥΣΕΙΟ - ΧΑΛΑΝΔΡΙ (ΣΙΔΕΡΑ) (ΚΥΚΛΙΚΗ)
142,1382,750-ΑΤΤΙΚΟ ΝΟΣΟΚΟΜΕΙΟ - ΣΤ. ΜΕΤΡΟ ΑΙΓΑΛΕΩ - ΝΙΚΑΙΑ  (ΕΝΑΛΛΑΚΤΙΚΗ ΛΟΓΩ ΛΑΪΚΗΣ ΚΑΘΕ ΠΑΡΑΣΚΕΥΗ)
143,1383,Ε14-ΣΥΝΤΑΓΜΑ - Ο.Α.Κ.Α. - ΥΠ. ΠΑΙΔΕΙΑΣ (EXPRESS)
144,1384,711-ΣΤ. ΑΤΤΙΚΗ - ΖΩΦΡΙΑ
145,1386,Β12-ΣΤ. ΑΤΤΙΚΗ - ΑΝΩ ΛΙΟΣΙΑ (ΠΑΝΟΡΑΜΑ)
146,1389,608-ΓΑΛΑΤΣΙ - ΑΚΑΔΗΜΙΑ - ΝΕΚΡ. ΖΩΓΡΑΦΟΥ (ΝΥΧΤΕΡΙΝΑ ΔΡΟΜΟΛΟΓΙΑ ΣΑΒΒΑΤΟΥ - ΑΚΑΔΗΜΙΑ)
147,1394,868-ΘΡΙΑΣΙΟ ΝΟΣΟΚΟΜΕΙΟ - ΣΤ.ΑΓ.ΜΑΡΙΝΑ
148,1395,842-ΠΕΡΑΜΑ - ΣΤ.ΚΟΡΥΔΑΛΛΟΣ (ΚΥΚΛΙΚΗ)
149,1396,841-ΠΕΡΑΜΑ - ΣΤ. ΝΙΚΑΙΑ (ΚΥΚΛΙΚΗ)
150,1397,800-ΝΙΚΑΙΑ - ΣΤ. ΝΙΚΑΙΑ (ΚΥΚΛΙΚΗ)
151,1399,820-ΚΕΡΑΤΣΙΝΙ - ΣΤ.ΝΙΚΑΙΑ - ΔΡΑΠΕΤΣΩΝΑ (ΚΥΚΛΙΚΗ)
152,1400,828-ΠΕΙΡΑΙΑΣ - ΘΗΒΩΝ - ΣΤ. ΝΙΚΑΙΑ (ΚΥΚΛΙΚΗ)
153,1401,806-ΣΧΙΣΤΟ - ΚΑΡΑΒΑΣ  - ΣΤ. ΚΟΡΥΔΑΛΛΟΣ (ΚΥΚΛΙΚΗ)
154,1402,809-ΣΧΙΣΤO - ΣΤ.ΝΙΚΑΙΑ - ΣΤ.ΚΟΡΥΔΑΛΛΟΣ (ΚΥΚΛΙΚΗ)
155,1403,827-ΠΕΙΡΑΙΑΣ - ΑΣΠΡΑ ΧΩΜΑΤΑ - ΣΤ. ΝΙΚΑΙΑ (ΚΥΚΛΙΚΗ)
156,1404,837-ΑΓΙΑ ΒΑΡΒΑΡΑ - ΣΤ.ΑΓ.ΒΑΡΒΑΡΑ - ΣΤ.ΑΓ.ΜΑΡΙΝΑ (ΚΥΚΛΙΚΗ)
157,1406,826-ΠΕΙΡΑΙΑΣ - ΑΓ. ΜΗΝΑΣ (ΚΥΚΛΙΚΗ)
158,1409,302-ΣΤ. ΔΟΥΚ. ΠΛΑΚΕΝΤΙΑΣ - ΓΕΡΑΚΑΣ (ΕΩΣ ΣΤΑΣΗ Β.ΡΩΤΑ)
159,1410,306-ΣΤ.ΔΟΥΚ.ΠΛΑΚΕΝΤΙΑΣ-ΔΗΜ.ΓΕΡΑΚΑ-ΜΠΑΛΑΝΑ ΓΕΡΑΚΑ (ΑΠΟ ΣΤΑΣΗ ΜΑΡΑΘΩΝΟΣ)
160,1411,306-ΣΤ.ΔΟΥΚ.ΠΛΑΚΕΝΤΙΑΣ-ΔΗΜ.ΓΕΡΑΚΑ-ΜΠΑΛΑΝΑ ΓΕΡΑΚΑ (ΕΩΣ ΣΤΑΣΗ ΤΕΡΜΑ-ΜΠΑΛΑΝΑ)
161,1412,310-ΜΑΡΑΘΩΝΑΣ-ΝΕΑ ΜΑΚΡΗ-ΡΑΦΗΝΑ-ΜΑΤΙ-ΜΑΡΑΘΩΝΑΣ (ΑΠΟ Ν.ΒΟΥΤΖΑ)
162,1413,405-ΣΤ. ΧΑΛΑΝΔΡΙ - ΜΕΛΙΣΣΙΑ (ΑΠΟ ΣΤΑΣΗ ΚΛΕΙΟΥΣ)
163,1414,405-ΣΤ. ΧΑΛΑΝΔΡΙ - ΜΕΛΙΣΣΙΑ (ΕΩΣ ΣΤΑΣΗ ΚΛΕΙΟΥΣ)
164,1415,301-ΣΤ. ΔΟΥΚ. ΠΛΑΚΕΝΤΙΑΣ - ΑΝΘΟΥΣΑ-ΠΕΝΤΕΛΗ (ΑΠΟ ΤΕΡΜΑ ΚΑΛΛΙΣΙΩΝ)
165,1417,735-ΑΧΑΡΝΑΙ - ΖΕΦΥΡΙ - ΣΤ. ΚΑΤΩ ΠΑΤΗΣΙΑ (ΚΥΚΛΙΚΗ)
166,1418,310-ΜΑΡΑΘΩΝΑΣ - ΝΕΑ ΜΑΚΡΗ - ΡΑΦΗΝΑ  - ΜΑΤΙ - ΜΑΡΑΘΩΝΑΣ (ΕΩΣ Ν.ΒΟΥΤΖΑ)
167,1421,Α2-ΑΚΑΔΗΜΙΑ - ΒΟΥΛΑ (ΜΕΣΩ Λ. ΑΜΦΙΘΕΑΣ)
168,1422,Α3-ΑΚΑΔΗΜΙΑ - ΓΛΥΦΑΔΑ (ΜΕΣΩ Λ. ΒΟΥΛΙΑΓΜΕΝΗΣ)
169,1423,314-ΣΤ.ΔΟΥΚ.ΠΛΑΚΕΝΤΙΑΣ - ΠΑΛΛΗΝΗ - ΡΑΦΗΝΑ (ΜΕΣΩ ΠΑΝΟΡΑΜΑΤΟΣ - 3ο ΓΥΜΝΑΣΙΟ ΠΑΛΛΗΝΗΣ)
170,1424,314-ΣΤ.ΔΟΥΚ.ΠΛΑΚΕΝΤΙΑΣ - ΠΑΛΛΗΝΗ - ΡΑΦΗΝΑ (ΜΕΣΩ ΠΑΝΟΡΑΜΑΤΟΣ ΠΑΛ.ΔΙΑΔΡΟΜΗΣ)
171,1425,319-ΣΤ. ΔΟΥΚ. ΠΛΑΚΕΝΤΙΑΣ - ΠΑΛΛΗΝΗ - ΕΚΠΤ. ΧΩΡΙΟ ΣΠΑΤΑ (ΑΠΟ ΓΗΠΕΔΟ ΣΠΑΤΩΝ)
172,1426,319-ΣΤ. ΔΟΥΚ. ΠΛΑΚΕΝΤΙΑΣ - ΠΑΛΛΗΝΗ - ΕΚΠΤ. ΧΩΡΙΟ ΣΠΑΤΑ (ΕΩΣ ΣΤΑΣΗ ΤΕΡΜΑ)
173,1427,451-ΣΤ. ΧΑΛΑΝΔΡΙ - Ν. ΠΕΝΤΕΛΗ - ΧΑΛΑΝΔΡΙ (ΕΩΣ ΣΤΑΣΗ ΠΛ.ΑΓ.ΣΙΛΑ)
174,1429,451-ΣΤ. ΧΑΛΑΝΔΡΙ - Ν. ΠΕΝΤΕΛΗ - ΧΑΛΑΝΔΡΙ (ΑΠΟ ΣΤΑΣΗ ΠΛ.ΑΓ.ΣΙΛΑ)
175,1431,461-ΣΤ. ΧΑΛΑΝΔΡΙ - Π.ΠΕΝΤΕΛΗ - ΧΑΛΑΝΔΡΙ (ΑΠΟ ΣΤΡΑΤ/KO ΝΟΣ/MEIO)
176,1432,461-ΣΤ. ΧΑΛΑΝΔΡΙ - Π.ΠΕΝΤΕΛΗ - ΧΑΛΑΝΔΡΙ (ΕΩΣ ΣΤΡΑΤ/KO ΝΟΣ/MEIO)
177,1433,706-ΣΤ. ΑΓ. ΑΝΤΩΝΙΟΣ - ΙΛΙΟΝ (ΜΕΣΩ Λ. ΑΝ. ΠΑΠΑΝΔΡΕΟΥ) (ΕΩΣ ΣΤΑΣΗ ΣΙΔΕΡΗ)
178,1434,706-ΣΤ. ΑΓ. ΑΝΤΩΝΙΟΣ - ΙΛΙΟΝ (ΜΕΣΩ Λ. ΑΝ. ΠΑΠΑΝΔΡΕΟΥ) (ΑΠΟ ΣΤΑΣΗ ΣΙΔΕΡΗ)
179,1435,703-ΠΕΙΡΑΙΑΣ - ΑΓ. ΑΝΑΡΓΥΡΟΙ - ΑΓ. ΕΛΕΥΘΕΡΙΟΣ (ΜΕΣΩ ΘΗΒΩΝ)
180,1436,725-ΑΧΑΡΝΑΙ (ΜΕΣΟΝΥΧΙ) - ΘΡΑΚΟΜΑΚΕΔΟΝΕΣ (ΑΠΟ ΠΛ.ΑΡΙΣΤΟΤΕΛΟΥΣ ΕΩΣ ΜΕΣΟΝΥΧΙ)
181,1438,728-ΑΧΑΡΝΑΙ- ΑΓ.ΠΕΤΡΟΣ- ΑΓ.ΙΩΑΝΝΗΣ-ΠΛΑΤΩΝΑΣ (ΑΠΟ ΑΓ.Ι.ΡΩΣΟ ΕΩΣ ΣΤ.ΛΑΡΙΣΗΣ)
182,1439,728-ΑΧΑΡΝΑΙ- ΑΓ.ΠΕΤΡΟΣ- ΑΓ.ΙΩΑΝΝΗΣ-ΠΛΑΤΩΝΑΣ (ΑΠΟ ΣΧΟΛΕΙΟ ΕΩΣ ΑΓ.Ι.ΡΩΣΟ)
183,1440,841-ΠΕΡΑΜΑ - ΣΤ. ΝΙΚΑΙΑ (ΑΠΟ ΟΜΟΝΟΙΑ ΕΩΣ ΠΕΡΑΜΑ)
184,1442,842-ΠΕΡΑΜΑ - ΣΤ. ΚΟΡΥΔΑΛΛΟΣ (ΑΠΟ ΟΜΟΝΟΙΑ ΕΩΣ ΠΕΡΑΜΑ)
185,1443,841-ΠΕΡΑΜΑ - ΣΤ. ΝΙΚΑΙΑ (ΑΠΟ ΝΕΡΟ ΕΩΣ ΠΕΡΑΜΑ)
186,1444,115-ΓΛΥΦΑΔΑ - ΒΟΥΛΙΑΓΜΕΝΗ - ΚΙΤΣΙ (ΚΙΤΣΙ - ΑΚΑΔΗΜΙΑ)
187,1445,878-ΑΧΑΡΝΑΙ - ΕΛΕΥΣΙΝΑ (ΑΠΟ ΜΕΣΟΝΥΧΙ)
188,1446,Α10-ΣΤΑΘΜΟΣ ΛΑΡΙΣΗΣ - ΑΧΑΡΝΑΙ (ΑΠΟ ΣΤΑΣΗ ΚΑΡΑΒΟΣ)
189,1447,Α10-ΣΤΑΘΜΟΣ ΛΑΡΙΣΗΣ - ΑΧΑΡΝΑΙ (ΕΩΣ ΣΤΑΣΗ ΚΑΡΑΒΟΣ ΜΕΣΩ ΑΓ.ΠΕΤΡΟΥ)
190,1448,Β12-ΣΤ. ΑΤΤΙΚΗ - ΑΝΩ ΛΙΟΣΙΑ (ΠΑΝΟΡΑΜΑ) (ΑΠΟ ΜΑΡΝΗ ΕΩΣ ΑΝΩ ΛΙΟΣΙΑ)
191,1449,109-ΣΤ. ΑΓ. ΔΗΜΗΤΡΙΟΣ - ΑΝΩ ΚΑΛΑΜΑΚΙ (ΚΥΚΛΙΚΗ)
192,1450,Β2-ΣΤ. ΣΥΓΓΡΟΥ ΦΙΞ - ΑΓ.ΚΟΣΜΑΣ (ΜΕΣΩ ΠΑΡΑΛΙΑΚΗΣ) (ΚΥΚΛΙΚΗ)
193,1453,811-ΧΑΪΔΑΡΙ - ΣΤ. ΑΓΙΑ ΜΑΡΙΝΑ (ΕΝΑΛΛΑΚΤΙΚΗ ΛΟΓΩ ΛΑΪΚΗΣ ΚΑΘΕ ΤΕΤΑΡΤΗ)
194,1469,250-ΠΑΝΕΠΙΣΤΗΜΙΟΥΠΟΛΗ - ΣΤ. ΕΥΑΓΓΕΛΙΣΜΟΣ (ΑΠΟ ΣΤΑΣΗ ΕΥΑΓΓΕΛΙΣΜΟΣ)
195,1471,911Α-ΣΤΑΘ. ΚΑΛΛΙΘΕΑΣ - ΙΔΡ. ΤΥΦΛΩΝ -Π.Ε ΝΟΤΙΟΥ ΤΟΜΕΑ (ΚΥΚΛΙΚΗ)
196,1472,109-ΣΤ. ΑΓ. ΔΗΜΗΤΡΙΟΣ - ΑΝΩ ΚΑΛΑΜΑΚΙ (ΕΩΣ ΕΛΛΗΝΙΚΟ)
197,1473,109-ΣΤ. ΑΓ. ΔΗΜΗΤΡΙΟΣ - ΑΝΩ ΚΑΛΑΜΑΚΙ (ΑΠΟ ΕΛΛΗΝΙΚΟ ΕΩΣ ΣΤ. ΑΓ. ΔΗΜΗΤΡΙΟ)
198,1476,805-ΑΣΠΡΟΠΥΡΓΟΣ - ΝΕΟΚΤΙΣΤΑ (ΑΠΟ ΣΤΑΣΗ ΑΓ.ΣΩΤΗΡΑΣ ΕΩΣ ΝΕΟΚΤΙΣΤΑ)
199,1477,855-ΨΑΡΙ - ΑΣΠΡΟΠΥΡΓΟΣ - ΛΟΦΟΣ ΚΥΡΙΛΛΟΥ (ΑΠΟ ΑΣΠΡΟΠΥΡΓΟ ΕΩΣ ΛΟΦΟ ΚΥΡΙΛΛΟΥ)
200,1479,876-ΕΛΕΥΣΙΝΑ - ΣΤ. ΑΓ. ΜΑΡΙΝΑ (ΑΠΟ ΠΛ.ΚΟΥΜΟΥΝΔΟΥΡΟΥ ΕΩΣ ΕΛΕΥΣΙΝΑ)
201,1480,537-ΑΧΑΡΝΑΙ - ΒΑΡΥΜΠΟΜΠΗ (ΜΕΣΩ ΘΡΑΚΟΜΑΚΕΔΟΝΩΝ)
202,1481,876-ΕΛΕΥΣΙΝΑ - ΣΤ.ΑΓ.ΜΑΡΙΝΑ (ΑΠΟ ΜΑΝΔΡΑ - ΕΛΕΥΣΙΝΑ - ΣΤ.ΑΓ.ΜΑΡΙΝΑ - ΕΛΕΥΣΙΝΑ)
203,1483,876-ΕΛΕΥΣΙΝΑ - ΣΤ. ΑΓ. ΜΑΡΙΝΑ (ΑΠΟ  ΕΛΕΥΣΙΝΑ ΕΩΣ ΣΤ.ΑΓ.ΜΑΡΙΝΑ)
204,1484,752-ΑΧΑΡΝΑΙ - ΑΓ. ΙΩΑΝΝΗΣ - ΑΓ. ΠΕΤΡΟΣ (ΑΠΟ ΣΤΑΣΗ ΣΤΡΟΦΗ) 
205,1486,124-ΓΛΥΦΑΔΑ - ΑΓΙΑ ΤΡΙΑΔΑ - ΣΤ. ΑΡΓΥΡΟΥΠΟΛΗΣ (ΚΥΚΛΙΚΗ)
206,1488,154-ΠΑΝ/ΜΑ ΒΟΥΛΑΣ - Α. ΓΛΥΦΑΔΑ - ΣΤ. ΑΡΓΥΡΟΥΠΟΛΗ
207,1489,171-ΒΑΡΚΙΖΑ - ΣΤ. ΑΡΓΥΡΟΥΠΟΛΗ
208,1491,881-ΕΛΕΥΣΙΝΑ - ΑΣΠΡΟΠΥΡΓΟΣ - ΡΟΥΠΑΚΙ (ΜΕΣΩ ΚΟΙΜΗΤΗΡΙΟΥ)
209,1495,876-ΕΛΕΥΣΙΝΑ - ΣΤ. ΑΓ. ΜΑΡΙΝΑ (ΑΠΟ ΣΤ.ΑΓ.ΜΑΡΙΝΑ ΕΩΣ ΕΛΕΥΣΙΝΑ)
210,1497,866-ΑΣΠΡΟΠΥΡΓΟΣ - ΣΤ. ΑΓ. ΜΑΡΙΝΑ (ΑΠΟ ΣΤ. ΑΓ. ΜΑΡΙΝΑ ΕΩΣ ΑΣΠΡΟΠΥΡΓΟ)
211,1498,866-ΑΣΠΡΟΠΥΡΓΟΣ - ΣΤ. ΑΓ. ΜΑΡΙΝΑ (ΑΠΟ ΑΣΠΡΟΠΥΡΓΟ ΕΩΣ ΣΤ. ΑΓ. ΜΑΡΙΝΑ)
212,1499,866-ΑΣΠΡΟΠΥΡΓΟΣ - ΣΤ. ΑΓ. ΜΑΡΙΝΑ (ΑΠΟ ΠΛ.ΚΟΥΜΟΥΝΔΟΥΡΟΥ ΕΩΣ ΑΣΠΡΟΠΥΡΓΟ)
213,1504,866-ΑΣΠΡΟΠΥΡΓΟΣ - ΣΤ. ΑΓ. ΜΑΡΙΝΑ (ΑΠΟ ΨΑΡΙ ΕΩΣ ΑΣΠΡΟΠΥΡΓΟ)
214,1505,728-ΑΧΑΡΝΑΙ- ΑΓ.ΠΕΤΡΟΣ- ΑΓ.ΙΩΑΝΝΗΣ-ΠΛΑΤΩΝΑΣ (ΑΠΟ ΣΤΑΣΗ ΣΤΡΟΦΗ ΕΩΣ ΑΧΑΡΝΕΣ)
215,1510,728-ΑΧΑΡΝΑΙ- ΑΓ.ΠΕΤΡΟΣ- ΑΓ.ΙΩΑΝΝΗΣ-ΠΛΑΤΩΝΑΣ (ΑΠΟ ΑΓ.Ι.ΡΩΣΟ ΕΩΣ ΚΑΡΑΒΟ)
216,1513,727-ΜΕΣΟΝΥΧΙ - ΑΓ.ΚΩΝΣΤΑΝΤΙΝΟΣ-ΑΓ.ΠΑΡΑΣΚΕΥΗ (ΕΩΣ 6ο ΓΕΝ. ΛΥΚΕΙΟ ΑΧΑΡΝΩΝ - ΜΕΣΗΜΕΡΙ)
217,1516,123-ΣΑΡΩΝΙΔΑ-ΑΝΑΒΥΣΣΟΣ-ΠΑΛΑΙΑ ΦΩΚΑΙΑ (ΑΠΟ ΣΤΑΣΗ ΚΟΙΝΟΤΗΤΑ ΠΑΛ. ΦΩΚΑΙΑΣ ΕΩΣ ΣΑΡΩΝΙΔΑ)
218,1517,330-ΚΟΡΩΠΙ - ΑΓ. ΜΑΡΙΝΑ (ΑΠΟ 17η ΣΤΑΣΗ ΑΓ. ΜΑΡΙΝΑΣ ΕΩΣ ΚΟΡΩΠΙ)
219,1518,309-ΚΟΡΩΠΙ - ΣΤ. ΠΡΟΑΣΤΙΑΚΟΥ - ΚΟΡΩΠΙ (ΑΠΟ ΔΗΜΑΡΧΕΙΟ)
220,1519,309-ΚΟΡΩΠΙ - ΣΤ. ΠΡΟΑΣΤΙΑΚΟΥ - ΚΟΡΩΠΙ (ΕΩΣ ΠΑΡΑΚΡΑΤΗΜΑ)
221,1520,052-ΣΤ. ΕΛΑΙΩΝΑ - ΣΤ. ΥΠΕΡ. ΛΕΩΦ. ΚΗΦΙΣΟΥ (ΚΥΚΛΙΚΗ)
222,1521,Χ93-ΣΤ. ΥΠΕΡ. ΛΕΩΦ. ΚΗΦΙΣΟΥ - ΑΕΡΟΛΙΜΕΝΑΣ ΑΘΗΝΩΝ (EXPRESS)
223,1523,051-ΣΤ. ΥΠΕΡ. ΛΕΩΦ. ΚΗΦΙΣΟΥ - ΟΜΟΝΟΙΑ (ΜΕΣΩ ΑΚΑΔ. ΠΛΑΤ.)(ΚΥΚΛΙΚΗ)
224,1524,051-ΣΤ. ΥΠΕΡ.ΛΕΩΦ.ΚΗΦΙΣΟΥ - ΟΜΟΝΟΙΑ (ΜΕΣΩ ΑΚΑΔ.ΠΛΑΤ) (ΑΠΟ ΕΘΝΙΚΟ ΘΕΑΤΡΟ ΕΩΣ ΣΤ. ΥΠΕΡ. ΛΕΩΦ.ΚΗΦΣΙΟΥ)
225,1525,308-ΣΤ. ΝΟΜΙΣΜΑΤΟΚΟΠΕΙΟ - ΠΑΙΑΝΙΑ - ΚΟΡΩΠΙ (ΑΠΟ ΚΟΡΩΠΙ ΕΩΣ ΣΤΑΣΗ ΣΤΑΥΡΟΣ)
226,1539,122-ΣΤ. ΑΡΓΥΡΟΥΠΟΛΗ - ΣΑΡΩΝΙΔΑ
227,1541,Α2-ΑΚΑΔΗΜΙΑ - ΒΟΥΛΑ (ΑΠΟ ΕΚΚΛΗΣΙΑ ΒΑΡΗΣ ΕΩΣ ΑΚΑΔΗΜΙΑ)
228,1542,Α2-ΑΚΑΔΗΜΙΑ - ΒΟΥΛΑ (ΑΠΟ ΑΚΑΔΗΜΙΑ ΕΩΣ ΕΚΚΛΗΣΙΑ ΒΑΡΗΣ)
229,1544,871Τ-ΠΕΙΡΑΙΑΣ - ΣΧΙΣΤΟ (ΕΩΣ ΕΛΕΥΣΙΝΑ)
230,1546,732-ΙΛΙΟΝ - ΑΓ. ΦΑΝΟΥΡΙΟΣ - ΑΚΑΔΗΜΙΑ (ΚΥΚΛΙΚΗ)
231,1547,Χ97-ΑΕΡΟΛΙΜΕΝΑΣ ΑΘΗΝΩΝ - ΣΤ. ΕΛΛΗΝΙΚΟ (EXPRESS) (ΚΥΚΛΙΚΗ)
232,1549,Χ97-ΑΕΡΟΛΙΜΕΝΑΣ ΑΘΗΝΩΝ - ΣΤ. ΕΛΛΗΝΙΚΟ (EXPRESS) (ΑΠΟ ΣΤ. ΕΛΛΗΝΙΚΟ)
233,1550,755Β-ΑΧΑΡΝΑΙ-ΚΟΚΚΙΝΟΣ ΜΥΛΟΣ-ΣΤ. ΚΑΤΩ ΠΑΤΗΣΙΑ (ΚΥΚΛΙΚΗ ΜΕΣΩ ΧΑΡΑΥΓΗΣ)
234,1552,Χ97-ΑΕΡΟΛΙΜΕΝΑΣ ΑΘΗΝΩΝ - ΣΤ. ΕΛΛΗΝΙΚΟ (EXPRESS) - ΝΥΧΤΕΡΙΝΗ (ΑΠΟ ΣΤ.ΔΑΦΝΗ)
235,1553,Χ97-ΑΕΡΟΛΙΜΕΝΑΣ ΑΘΗΝΩΝ - ΣΤ. ΕΛΛΗΝΙΚΟ (EXPRESS) ΝΥΧΤΕΡΙΝΗ (ΕΩΣ ΣΤ. ΔΑΦΝΗ)
236,1556,054-ΠΕΡΙΣΣΟΣ - ΛΑΜΠΡΙΝΗ - ΟΜΟΝΟΙΑ (ΚΥΚΛΙΚΗ)
237,1558,608-ΓΑΛΑΤΣΙ - ΑΚΑΔΗΜΙΑ - ΝΕΚΡ. ΖΩΓΡΑΦΟΥ ( ΕΩΣ ΑΚΑΔΗΜΙΑ)
238,1560,734-ΑΧΑΡΝΑΙ - ΝΟΣ. ΑΓ. ΑΝΑΡΓΥΡΟΙ (ΚΥΚΛΙΚΗ)
239,1562,221-ΠΑΝΕΠΙΣΤΗΜΙΟΥΠΟΛΗ - ΑΚΑΔΗΜΙΑ (ΕΝΤΟΣ ΠΑΝΕΠΙΣΤΗΜΙΟΥ)
240,1564,Β2-ΣΤ. ΣΥΓΓΡΟΥ ΦΙΞ - ΑΓ.ΚΟΣΜΑΣ (ΜΕΣΩ ΠΑΡΑΛΙΑΚΗΣ) (ΑΓ.ΚΟΣΜΑΣ ΕΩΣ ΣΤ.ΣΥΓΓΡΟΥ ΦΙΞ)
241,1565,Β2-ΣΤ. ΣΥΓΓΡΟΥ ΦΙΞ - ΑΓ.ΚΟΣΜΑΣ (ΜΕΣΩ ΠΑΡΑΛΙΑΚΗΣ) (ΣΤ.ΣΥΓΓΡΟΥ ΦΙΞ ΕΩΣ ΑΓ.ΚΟΣΜΑΣ)
242,1566,Α1-ΠΕΙΡΑΙΑΣ - ΒΟΥΛΑ (ΑΠΟ ΕΚΚΛΗΣΙΑ ΒΑΡΗΣ ΕΩΣ ΠΕΙΡΑΙΑ)
243,1567,411-ΣΤ. ΔΟΥΚ. ΠΛΑΚΕΝΤΙΑΣ - ΣΙΣΜΑΝΟΓΛΕΙΟ - ΧΑΛΑΝΔΡΙ (ΑΠΟ ΧΑΛΑΝΔΡΙ)
244,1568,608-ΓΑΛΑΤΣΙ - ΑΚΑΔΗΜΙΑ - ΝΕΚΡ. ΖΩΓΡΑΦΟΥ ( ΕΩΣ ΣΤΑΣΗ ΧΑΤΖΗΔΑΚΗ)
245,1571,602-Ν. ΙΩΝΙΑ - ΚΑΛΟΓΡΕΖΑ - ΣΤΑΘ. ΠΑΝΟΡΜΟΥ (ΑΠΟ ΣΤΑΣΗ ΣΧΟΛΕΙΟ)
246,1572,602-Ν. ΙΩΝΙΑ - ΚΑΛΟΓΡΕΖΑ - ΣΤΑΘ. ΠΑΝΟΡΜΟΥ (ΕΩΣ 13η ΚΑΛΟΓΡΕΖΑΣ)
247,1574,021-ΠΛΑΤΕΙΑ ΚΑΝΙΓΓΟΣ - ΓΚΥΖH (ΑΠΟ ΓΚΥΖΗ)
248,1575,021-ΠΛΑΤΕΙΑ ΚΑΝΙΓΓΟΣ - ΓΚΥΖH (ΕΩΣ ΓΚΥΖΗ)
249,1576,411-ΣΤ. ΔΟΥΚ. ΠΛΑΚΕΝΤΙΑΣ - ΣΙΣΜΑΝΟΓΛΕΙΟ - ΧΑΛΑΝΔΡΙ (ΕΩΣ ΧΑΛΑΝΔΡΙ)
250,1578,022-ΑΚΑΔΗΜΙΑ - Ν. ΚΥΨΕΛΗ (ΑΠΟ ΚΥΨΕΛΗ)
251,1579,022-ΑΚΑΔΗΜΙΑ - Ν. ΚΥΨΕΛΗ (ΕΩΣ ΚΥΨΕΛΗ)
252,1581,112-ΑΓ. ΔΗΜΗΤΡΙΟΣ - ΣΤ. ΔΑΦΝΗ (ΕΩΣ ΑΚΑΔΗΜΙΑ)
253,1582,128-ΓΛΥΦΑΔΑ - ΤΕΡΨΙΘΕΑ (ΑΠΟ ΣΤΑΣΗ ΛΕΥΚΩΣΙΑΣ ΕΩΣ ΓΛΥΦΑΔΑ)
254,1583,128-ΓΛΥΦΑΔΑ - ΤΕΡΨΙΘΕΑ (ΑΠΟ ΓΛΥΦΑΔΑ ΕΩΣ ΣΤΑΣΗ ΛΕΥΚΩΣΙΑΣ )
255,1584,131-ΑΜΑΞ. ΑΓ. ΔΗΜΗΤΡΙΟΥ - ΣΤ. ΔΑΦΝΗ (ΕΩΣ ΣΤ.ΔΑΦΝΗ)
256,1585,608-ΓΑΛΑΤΣΙ - ΑΚΑΔΗΜΙΑ - ΝΕΚΡ. ΖΩΓΡΑΦΟΥ (ΕΩΣ ΣΤΑΣΗ ΑΚΡΙΤΑ)
257,1586,504-ΘΡΑΚΟΜΑΚΕΔΟΝΕΣ - ΚΗΦΙΣΙΑ (ΚΥΚΛΙΚΗ)
258,1588,15-ΠΕΤΡΑΛΩΝΑ - ΔΙΚΑΣΤΗΡΙΑ - ΕΛ. ΒΕΝΙΖΕΛΟΥ (ΑΠΟ ΟΜΟΝΟΙΑ ΕΩΣ ΠΕΤΡΑΛΩΝΑ)
259,1589,164-ΣΤ. ΑΓ. ΔΗΜΗΤΡΙΟΣ - Κ. ΗΛ/ΠΟΛΗ - ΑΡΓ/ΠΟΛΗ - ΤΕΡΨΙΘΕΑ (ΑΠΟ ΣΤΑΣΗ ΔΑΡΖΕΝΤΑ)
260,1590,164-ΣΤ. ΑΓ. ΔΗΜΗΤΡΙΟΣ - Κ. ΗΛ/ΠΟΛΗ - ΑΡΓ/ΠΟΛΗ - ΤΕΡΨΙΘΕΑ (ΑΠΟ ΣΤΑΣΗ ΠΛ.ΑΝΕΞΑΡΤΗΣΙΑΣ ΕΩΣ ΑΚΑΔΗΜΙΑ)
261,1591,164-ΣΤ. ΑΓ. ΔΗΜΗΤΡΙΟΣ - Κ. ΗΛ/ΠΟΛΗ - ΑΡΓ/ΠΟΛΗ - ΤΕΡΨΙΘΕΑ (ΤΕΡΨΙΘΕΑ ΕΩΣ ΑΚΑΔΗΜΙΑ)
262,1592,201-ΣΤ. ΑΓ. ΔΗΜΗΤΡΙΟΣ - ΑΡΓΥΡΟΥΠΟΛΗ (ΑΠΟ ΑΡΓΥΡΟΥΠΟΛΗ ΣΤΑΣΗ ΜΙΚΡΑΣ ΑΣΙΑΣ)
263,1593,204-ΣΤΡ. ΣΑΚΕΤΑ - ΑΚΑΔΗΜΙΑ (ΑΠΟ ΑΚΑΔΗΜΙΑ)
264,1594,204Β-ΕΚΕΜΣ - ΑΚΑΔΗΜΙΑ (ΑΠΟ ΑΚΑΔΗΜΙΑ)
265,1595,206-ΑΓ.ΜΑΡΙΝΑ - ΣΤ. ΔΑΦΝΗΣ (ΕΩΣ ΑΚΑΔΗΜΙΑ)
266,1597,237-ΑΝΩ ΗΛΙΟΥΠΟΛΗ - ΣΤ. ΔΑΦΝΗΣ (ΕΩΣ ΑΚΑΔΗΜΙΑ)
267,1598,201-ΣΤ. ΑΓ. ΔΗΜΗΤΡΙΟΣ - ΑΡΓΥΡΟΥΠΟΛΗ (ΕΩΣ ΑΡΓΥΡΟΥΠΟΛΗ ΣΤΑΣΗ ΜΙΚΡΑΣ ΑΣΙΑΣ)
268,1599,300-ΠΛ. ΚΑΡΑΪΣΚΑΚΗ - ΤΖΑΝΕΙΟ (ΑΠΟ ΤΖΑΝΕΙΟ)
269,1605,25-ΣΤ. ΑΓ. ΑΝΤΩΝΙΟΣ - ΙΛΙΟΝ - ΚΑΜΑΤΕΡΟ (ΑΠΟ ΣΤΑΣΗ ΠΑΛ.ΑΦΕΤΗΡΙΑ)
270,1608,642-ΗΡΑΚΛΕΙΟ- ΑΓ. ΝΕΚΤΑΡΙΟΣ - ΠΕΥΚΗ (ΑΠΟ 8η ΠΕΥΚΗΣ)
271,1611,837-ΑΓΙΑ ΒΑΡΒΑΡΑ - ΣΤ.ΑΓ.ΒΑΡΒΑΡΑ - ΣΤ.ΑΓ.ΜΑΡΙΝΑ (ΕΩΣ ΟΜΟΝΟΙΑ)
272,1612,910-ΣΤ. ΣΥΓΓΡΟΥ ΦΙΞ - ΤΖΙΤΖΙΦΙΕΣ (ΑΠΟ ΣΤΑΣΗ ΠΕΙΣΙΣΤΡΑΤΟΥ)
273,1613,653-ΨΥΧΙΚΟ - ΠΑΝΟΡΜΟΥ Β (ΕΩΣ ΣΤΑΣΗ ΣΧΟΛΕΙΟ)
274,1614,910-ΣΤ. ΣΥΓΓΡΟΥ ΦΙΞ - ΤΖΙΤΖΙΦΙΕΣ (ΕΩΣ ΣΤΑΣΗ ΠΕΙΣΙΣΤΡΑΤΟΥ)
275,1615,730-ΛΟΦΟΣ ΑΞΙΩΜΑΤΙΚΩΝ - ΣΤ. ΑΓ. ΑΝΤΩΝΙΟΣ - ΖΩΟΔ. ΠΗΓΗ (ΕΩΣ ΟΜΟΝΟΙΑ)
276,1616,806-ΣΧΙΣΤΟ - ΚΑΡΑΒΑΣ  - ΣΤ. ΚΟΡΥΔΑΛΛΟΣ (ΑΠΟ ΠΛ.ΕΛΕΥΘΕΡΙΑΣ ΕΩΣ ΟΜΟΝΟΙΑ )
277,1617,861Β-ΕΛΕΥΣΙΝΑ – ΜΑΝΔΡΑ - ΒΙΛΙΑ - ΕΡΥΘΡΕΣ
278,1620,809-ΣΧΙΣΤO - ΣΤ.ΝΙΚΑΙΑ - ΣΤ.ΚΟΡΥΔΑΛΛΟΣ (ΑΠΟ ΣΤΑΣΗ ΗΠΕΙΡΟΥ ΕΩΣ ΓΟΥΝΑΡΗ)
279,1621,747-ΠΕΤΡΟΥΠΟΛΗ - ΠΑΝΟΡΑΜΑ - ΣΤ. ΑΝΘΟΥΠΟΛΗ (ΑΠΟ ΣΤ.ΑΝΘΟΥΠΟΛΗ)
280,1623,543-ΣΤΑΘΜΟΣ ΚΗΦΙΣΙΑΣ - ΝΟΣ. ΑΓ. ΑΝΑΡΓΥΡΟΙ (ΚΥΚΛΙΚΗ)
281,1624,543Α-ΣΤΑΘΜΟΣ ΚΗΦΙΣΙΑΣ - ΝΟΣ. ΑΓ. ΑΝΑΡΓΥΡΟΙ (ΜΕΣΩ ΚΑΛΥΦΤΑΚΗ) (ΚΥΚΛΙΚΗ)
282,1627,811-ΧΑΪΔΑΡΙ - ΣΤ. ΑΓΙΑ ΜΑΡΙΝΑ (ΕΩΣ ΠΛ. ΚΟΥΜΟΥΝΔΟΥΡΟΥ)
283,1628,818-ΛΙΜ. ΠΕΡΑΜΑΤΟΣ - ΑΝΩ ΠΕΡΑΜΑ (ΑΠΟ ΣΤΑΣΗ ΣΧΟΛΕΙΟ)
284,1629,823-ΣΤ. ΑΓ. ΑΝΤΩΝΙΟΣ - ΑΓ. ΒΑΣΙΛΕΙΟΣ (ΑΠΟ ΑΓ.ΒΑΣΙΛΕΙΟ)
285,1630,823-ΣΤ. ΑΓ. ΑΝΤΩΝΙΟΣ - ΑΓ. ΒΑΣΙΛΕΙΟΣ (ΕΩΣ ΑΓ.ΒΑΣΙΛΕΙΟ)
286,1631,824-ΝΕΑΠΟΛΗ - ΑΓ. ΑΝΤΩΝΙΟΣ - ΠΕΙΡΑΙΑΣ Α (ΑΠΟ ΠΛ. ΚΑΡΑΪΣΚΑΚΗ)
287,1632,826-ΠΕΙΡΑΙΑΣ - ΑΓ. ΜΗΝΑΣ (ΑΠΟ ΣΤΑΣΗ 1η ΑΓ. ΜΗΝΑ)
288,1633,826-ΠΕΙΡΑΙΑΣ - ΑΓ. ΜΗΝΑΣ (ΕΩΣ ΣΤΑΣΗ 3η ΑΓ. ΜΗΝΑ)
289,1634,914-ΟΜΟΝΟΙΑ - ΛΑΧΑΝΑΓΟΡΑ - ΠΑΛ. ΚΟΚΚΙΝΙΑ (ΕΩΣ ΣΤΑΣΗ ΜΕΤΑΜΟΡΦΩΣΕΩΣ)
290,1635,915-ΛΟΦΟΣ ΒΩΚΟΥ - ΠΡ. ΗΛΙΑΣ (ΕΩΣ ΣΤΑΣΗ ΙΕΡΟΥ ΛΟΧΟΥ)
291,1636,829-ΠΑΔΑ ΑΡΧΑΙΟΣ ΕΛΑΙΩΝΑΣ - ΣΤ.ΑΙΓΑΛΕΩ - ΠΑΔΑ ΑΛΣΟΣ ΑΙΓΑΛΕΩ (ΑΠΟ ΠΑΔΑ ΑΛΣΟΣ ΑΙΓΑΛΕΩ)
292,1638,610-ΦΙΛΟΘΕΗ - ΑΜΠΕΛΟΚΗΠΟΙ (ΑΠΟ ΣΤΑΣΗ ΥΓΕΙΟΝΟΜΙΚΟ)
293,1639,610-ΦΙΛΟΘΕΗ - ΑΜΠΕΛΟΚΗΠΟΙ (ΕΩΣ ΣΤΑΣΗ ΥΓΕΙΟΝΟΜΙΚΟ)
294,1640,651-ΨΥΧΙΚΟ - ΠΑΝΟΡΜΟΥ Α (ΑΠΟ ΣΤ. ΠΑΝΟΡΜΟΥ)
295,1641,909-ΑΓ. ΒΑΣΙΛΕΙΟΣ - ΑΓ. ΣΟΦΙΑ - ΚΡΑΤ. ΝΙΚΑΙΑΣ (ΑΠΟ ΣΤΑΣΗ ΠΑΛ. ΤΕΡΜΑ - ΑΓ. ΣΟΦΙΑ)
296,1642,909-ΑΓ. ΒΑΣΙΛΕΙΟΣ - ΑΓ. ΣΟΦΙΑ - ΚΡΑΤ. ΝΙΚΑΙΑΣ (ΔΕ-ΠΕ 20:00-23:59  ΠΑ-ΚΥ 18:00-23:59)
297,1643,829-ΠΑΔΑ ΑΡΧΑΙΟΣ ΕΛΑΙΩΝΑΣ - ΣΤ.ΑΙΓΑΛΕΩ - ΠΑΔΑ ΑΛΣΟΣ ΑΙΓΑΛΕΩ (ΚΥΚΛΙΚΗ)
298,1644,1-ΠΛ. ΑΤΤΙΚΗΣ - ΚΑΛΛΙΘΕΑ - ΜΟΣΧΑΤΟ (ΕΩΣ ΧΡ.ΣΜΥΡΝΗΣ-ΣΧΟΛΕΙΑ)
299,1648,830-ΑΓ. ΒΑΡΒΑΡΑ - ΣΤ. ΚΟΡΥΔΑΛΛΟΣ (ΚΥΚΛΙΚΗ)
300,1649,846-ΝΕΑΠΟΛΗ -  ΣΤ. ΝΙΚΑΙΑ (ΚΥΚΛΙΚΗ)
301,1650,810-ΣΧΙΣΤΟ - ΣΤ. ΚΟΡΥΔΑΛΛΟΣ (ΚΥΚΛΙΚΗ)
302,1651,848-ΝΕΑΠΟΛΗ - ΧΑΡΑΥΓΗ
303,1652,814-ΣΧΙΣΤΟ ΚΑΡΑΒΑΣ - ΠΕΙΡΑΙΑΣ (ΚΥΚΛΙΚΗ)
304,1653,909-ΑΓ. ΒΑΣΙΛΕΙΟΣ - ΑΓ. ΣΟΦΙΑ - ΚΡΑΤ. ΝΙΚΑΙΑΣ
305,1654,810-ΣΧΙΣΤΟ - ΣΤ.ΚΟΡΥΔΑΛΛΟΣ  (ΕΩΣ ΓΟΥΝΑΡΗ-ΠΕΙΡΑΙΑΣ)
306,1655,830-ΑΓ. ΒΑΡΒΑΡΑ - ΣΤ.ΚΟΡΥΔΑΛΛΟΣ (ΑΠΟ ΓΟΥΝΑΡΗ-ΠΕΙΡΑΙΑΣ)
307,1656,830-ΑΓ.ΒΑΡΒΑΡΑ - ΣΤ.ΚΟΡΥΔΑΛΛΟΣ (ΕΩΣ ΓΟΥΝΑΡΗ-ΠΕΙΡΑΙΑΣ)
308,1657,846-ΝΕΑΠΟΛΗ - ΣΤ.ΝΙΚΑΙΑ (ΕΩΣ ΓΟΥΝΑΡΗ-ΠΕΙΡΑΙΑΣ)
309,1660,122-ΣΤ. ΑΡΓΥΡΟΥΠΟΛΗ - ΣΑΡΩΝΙΔΑ (ΔΙΕΛΕΥΣΗ ΑΠΟ ΣΧΟΛΗ ΤΟΥΡ. ΕΠΑΓΓ/ΤΩΝ)
310,1661,829-ΠΑΔΑ ΑΡΧΑΙΟΣ ΕΛΑΙΩΝΑΣ - ΣΤ.ΑΙΓΑΛΕΩ - ΠΑΔΑ ΑΛΣΟΣ ΑΙΓΑΛΕΩ (ΕΩΣ ΣΤΑΣΗ ΤΕΡΜΑ)
311,1662,747-ΠΕΤΡΟΥΠΟΛΗ - ΠΑΝΟΡΑΜΑ - ΣΤ. ΑΝΘΟΥΠΟΛΗ  (ΔΙΕΛΕΥΣΗ ΑΠΟ ΑΜΑΞΟΣΤΑΣΙΟ ΔΗΜΟΥ ΠΕΤΡΟΥΠΟΛΗΣ)
312,1663,Α7-ΣΤΟΥΡΝΑΡΗ - ΚΗΦΙΣΙΑ (ΠΛΑΤΕΙΑ ΠΛΑΤΑΝΟΥ) (ΑΠΟ ΣΤΑΣΗ 1η ΚΡΥΟΝΕΡΙΟΥ)
313,1665,Α7-ΣΤΟΥΡΝΑΡΗ - ΚΗΦΙΣΙΑ (ΠΛΑΤΕΙΑ ΠΛΑΤΑΝΟΥ) (ΕΩΣ ΣΤΑΣΗ 2η ΚΡΥΟΝΕΡΙΟΥ)
314,1666,Α11-ΠΛ. ΒΑΘΗ - ΙΛΙΟΝ - ΠΕΤΡΟΥΠΟΛΗ (ΜΕΣΩ ΠΑΝΟΡΑΜΑΤΟΣ)
315,1667,Β11-ΠΛ. ΒΑΘΗ - ΙΛΙΟΝ - ΠΕΤΡΟΥΠΟΛΗ
316,1668,868-ΘΡΙΑΣΙΟ ΝΟΣΟΚΟΜΕΙΟ - ΣΤ.ΑΓ.ΜΑΡΙΝΑ
317,1669,031-ΓΟΥΔΗ - ΑΤΤΙΚΟ ΝΟΣΟΚΟΜΕΙΟ
318,1670,409-ΠΑΠΑΓΟΥ - ΣΤ. ΕΘΝ. ΑΜΥΝΑ (ΕΩΣ ΑΚΑΔΗΜΙΑ)
319,750,024-ΑΓ. ΑΝΑΡΓΥΡΟΙ - ΣΤ. ΚΑΤΩ ΠΑΤΗΣΙΑ (ΚΥΚΛΙΚΗ)
320,799,224-ΚΑΙΣΑΡΙΑΝΗ - ΕΛ. ΒΕΝΙΖΕΛΟΥ
321,802,405-ΣΤ. ΧΑΛΑΝΔΡΙ - ΜΕΛΙΣΣΙΑ (ΚΥΚΛΙΚΗ)
322,804,036-ΣΤ. ΚΑΤΕΧΑΚΗ -ΣΤ. ΠΑΝΟΡΜΟΥ-ΓΑΛΑΤΣΙ-ΚΥΨΕΛΗ (ΚΥΚΛΙΚΗ)
323,808,813-ΑΒΕΡΩΦ - ΠΡΟΥΣΣΗΣ
324,810,863-ΕΛΕΥΣΙΝΑ - ΘΡΙΑΣΙΟ ΝΟΣ. - ΜΑΝΔΡΑ 
325,812,817-ΕΛΕΥΣΙΝΑ - ΜΑΝΔΡΑ
326,813,881-ΕΛΕΥΣΙΝΑ - ΑΣΠΡΟΠΥΡΓΟΣ - ΡΟΥΠΑΚΙ
327,814,864-ΕΛΕΥΣΙΝΑ - ΒΙΟΜΗΧΑΝΙΚΗ ΠΕΡΙΟΧΗ ΜΑΓΟΥΛΑΣ (ΚΥΚΛΙΚΗ)
328,816,035-ΑΝΩ ΚΥΨΕΛΗ - ΠΕΤΡΑΛΩΝΑ - ΤΑΥΡΟΣ
329,817,025-ΙΠΠΟΚΡΑΤΟΥΣ - ΠΡΟΦΗΤΗ ΔΑΝΙΗΛ
330,818,026-ΙΠΠΟΚΡΑΤΟΥΣ - ΒΟΤΑΝΙΚΟΣ
331,819,049-ΠΕΙΡΑΙΑΣ - ΟΜΟΝΟΙΑ
332,820,861-ΕΛΕΥΣΙΝΑ - ΜΑΝΔΡΑ (ΟΙΚΙΣΜΟΣ ΤΙΤΑΝ)
333,822,605-ΠΕΡΙΣΣΟΣ - ΑΝΩ ΠΑΤΗΣΙΑ (ΚΥΚΛΙΚΗ)
334,823,704-ΚΑΜΑΤΕΡΟ - ΠΛ. ΑΓ. ΑΝΑΡΓΥΡΩΝ (ΚΥΚΛΙΚΗ)
335,824,057-ΛΟΦΟΣ ΣΚΟΥΖΕ - ΟΜΟΝΟΙΑ (ΚΥΚΛΙΚΗ)
336,827,855-ΨΑΡΙ - ΑΣΠΡΟΠΥΡΓΟΣ - ΛΟΦΟΣ ΚΥΡΙΛΛΟΥ
337,830,Α11-ΠΛ. ΒΑΘΗ - ΙΛΙΟΝ - ΠΕΤΡΟΥΠΟΛΗ (ΜΕΣΩ ΠΑΝΟΡΑΜΑΤΟΣ)
338,831,046-ΜΟΥΣΕΙΟ - ΕΛΛΗΝΟΡΩΣΩΝ
339,832,Γ12-ΚΑΜΑΤΕΡΟ - ΑΓ. ΝΙΚΟΛΑΟΣ - ΙΛΙΟΝ - ΠΟΛΥΤΕΧΝΕΙΟ (ΚΥΚΛΙΚΗ)
340,833,Α8-ΠΟΛΥΤΕΧΝΕΙΟ - Ν. ΙΩΝΙΑ - ΜΑΡΟΥΣΙ
341,835,748-ΧΡΥΣΟΥΠΟΛΗ - ΑΝΘΟΥΠΟΛΗ - ΣΤ. ΠΕΡΙΣΤΕΡΙ (ΚΥΚΛΙΚΗ)
342,836,560-ΣΤ. ΚΗΦΙΣΙΑ - ΜΟΡΤΕΡΟ - Ν. ΕΡΥΘΡΑΙΑ
343,837,719-ΚΗΠΟΥΠΟΛΗ - ΠΑΛΑΤΙΑΝΗ - ΣΤ. ΛΑΡΙΣΗΣ (ΚΥΚΛΙΚΗ)
344,839,Β11-ΠΛ. ΒΑΘΗ - ΙΛΙΟΝ - ΠΕΤΡΟΥΠΟΛΗ
345,840,Α15-ΣΤ. ΛΑΡΙΣΗΣ - ΔΑΣΟΣ
346,844,892-ΑΓ. ΒΑΡΒΑΡΑ - ΧΑΪΔΑΡΙ - ΑΓ. ΑΝΑΡΓΥΡΟΙ-ΙΛΙΟΝ
347,845,731-ΑΝΘΟΥΠΟΛΗ - ΣΤ. Μ. ΑΝΘΟΥΠΟΛΗ - ΑΤΤΙΚΟ ΝΟΣ. - ΔΑΣΟΣ
348,846,410-Ο.Α.Κ.Α. - ΑΝΩ ΜΕΛΙΣΣΙΑ (ΚΥΚΛΙΚΗ)
349,847,227-ΑΝΩ ΠΕΤΡΑΛΩΝΑ - ΑΓ. ΑΡΤΕΜΙΟΣ
350,851,130-ΠΕΙΡΑΙΑΣ - Ν. ΣΜΥΡΝΗ (ΚΥΚΛΙΚΗ)
351,854,871-ΠΕΙΡΑΙΑΣ - ΕΛΕΥΣΙΝΑ (ΜΕΣΩ Λ. ΕΘΝ. ΑΝΤΙΣΤΑΣΕΩΣ)
352,857,825-ΝΕΑΠΟΛΗ - ΑΓ. ΑΝΤΩΝΙΟΣ - ΠΕΙΡΑΙΑΣ Β (ΚΥΚΛΙΚΗ)
353,861,807-ΑΝΩ ΚΟΡΥΔΑΛΛΟΣ - ΣΤ. ΜΕΤΡΟ ΑΙΓΑΛΕΩ (ΚΥΚΛΙΚΗ)
354,862,811-ΧΑΪΔΑΡΙ - ΣΤ. ΑΓΙΑ ΜΑΡΙΝΑ (ΚΥΚΛΙΚΗ)
355,866,Α13-ΟΜΟΝΟΙΑ - ΚΗΠΟΥΠΟΛΗ
356,867,723-ΦΥΛΗ - ΑΝΩ ΛΙΟΣΙΑ (ΚΥΚΛΙΚΗ)
357,871,Β1-ΠΕΙΡΑΙΑΣ - ΑΝΩ ΓΛΥΦΑΔΑ
358,872,845-ΠΕΙΡΑΙΑΣ - ΕΛΕΥΣΙΝΑ (ΜΕΣΩ ΘΗΒΩΝ)
359,874,831-ΠΕΙΡΑΙΑΣ - ΑΙΓΑΛΕΩ
360,875,852-ΝΕΑΠΟΛΗ - ΣΤ. ΜΕΤΡΟ ΑΙΓΑΛΕΩ (ΚΥΚΛΙΚΗ)
361,877,500-ΠΕΙΡΑΙΑΣ - ΚΗΦΙΣΙΑ(ΠΛ.ΠΛΑΤΑΝΟΥ) (ΝΥΧΤΕΡΙΝΗ)
362,878,824-ΝΕΑΠΟΛΗ - ΑΓ. ΑΝΤΩΝΙΟΣ - ΠΕΙΡΑΙΑΣ Α (ΚΥΚΛΙΚΗ)
363,879,856-ΑΙΓΑΛΕΩ - ΥΜΗΤΤΟΣ - ΔΑΦΝΗ
364,882,906-ΠΛ. ΚΑΡΑΪΣΚΑΚΗ - ΚΑΛΛΙΠΟΛΗ (ΚΥΚΛΙΚΗ)
365,883,914-ΟΜΟΝΟΙΑ - ΛΑΧΑΝΑΓΟΡΑ - ΠΑΛ. ΚΟΚΚΙΝΙΑ (ΚΥΚΛΙΚΗ)
366,885,300-ΠΛ. ΚΑΡΑΪΣΚΑΚΗ - ΤΖΑΝΕΙΟ (ΚΥΚΛΙΚΗ)
367,886,750-ΑΤΤΙΚΟ ΝΟΣΟΚΟΜΕΙΟ - ΣΤ. ΜΕΤΡΟ ΑΙΓΑΛΕΩ - ΝΙΚΑΙΑ
368,890,819-ΠΕΡΑΜΑ - ΝΕΚΡ. ΣΧΙΣΤΟΥ
369,892,Χ96-ΠΕΙΡΑΙΑΣ - ΑΕΡ/ΝΑΣ ΑΘΗΝΩΝ (EXPRESS)
370,899,821-ΑΓΙΑ ΑΝΑΣΤΑΣΙΑ - ΣΤ. ΑΓ. ΑΝΤΩΝΙΟΣ (ΚΥΚΛΙΚΗ)
371,903,Β15-ΣΤ. ΛΑΡΙΣΗΣ - ΠΑΛΑΤΑΚΙ
372,904,537-ΑΧΑΡΝΑΙ - ΒΑΡΥΜΠΟΜΠΗ
373,905,728-ΑΧΑΡΝΑΙ- ΑΓ.ΠΕΤΡΟΣ- ΑΓ.ΙΩΑΝΝΗΣ-ΠΛΑΤΩΝΑΣ (ΚΥΚΛΙΚΗ)
374,907,733-ΑΧΑΡΝΑΙ - ΑΝΩ ΛΙΟΣΙΑ (ΚΥΚΛΙΚΗ)
375,909,752-ΑΧΑΡΝΑΙ - ΑΓ. ΙΩΑΝΝΗΣ - ΑΓ. ΠΕΤΡΟΣ (ΚΥΚΛΙΚΗ)
376,911,878-ΑΧΑΡΝΑΙ - ΕΛΕΥΣΙΝΑ
377,912,879-ΑΧΑΡΝΑΙ - ΘΡΙΑΣΙΟ ΝΟΣΟΚΟΜΕΙΟ - ΕΛΕΥΣΙΝΑ
378,913,503-ΖΗΡΙΝΕΙΟ - ΒΑΡΥΜΠΟΜΠΗ
379,914,507-ΖΗΡΙΝΕΙΟ - ΡΟΔΟΠΟΛΗ - ΣΤΑΜΑΤΑ
380,916,536-ΖΗΡΙΝΕΙΟ - ΔΙΟΝΥΣΟΣ
381,917,535-ΖΗΡΙΝΕΙΟ - ΕΥΞΕΙΝΟΣ ΠΟΝΤΟΣ (ΚΥΚΛΙΚΗ)
382,918,721-ΑΧΑΡΝΑΙ - ΚΗΦΙΣΙΑ (ΚΥΚΛΙΚΗ)
383,924,164-ΣΤ. ΑΓ. ΔΗΜΗΤΡΙΟΣ - Κ. ΗΛ/ΠΟΛΗ - ΑΡΓ/ΠΟΛΗ - ΤΕΡΨΙΘΕΑ
384,926,203-ΚΑΡΕΑΣ - ΑΚΑΔΗΜΙΑ (ΚΥΚΛΙΚΗ)
385,927,128-ΓΛΥΦΑΔΑ - ΤΕΡΨΙΘΕΑ (ΚΥΚΛΙΚΗ)
386,929,116-ΓΛΥΦΑΔΑ - ΒΑΡΗ - ΚΙΤΣΙ
387,932,117-ΓΛΥΦΑΔΑ - ΒΟΥΛΙΑΓΜΕΝΗ - ΒΑΡΗ
388,933,205-ΓΛΥΦΑΔΑ - ΣΟΥΡΜΕΝΑ - ΤΕΡΨΙΘΕΑ 
389,934,815-ΓΟΥΔΗ - ΤΑΥΡΟΣ
390,935,622-ΓΟΥΔΗ - ΑΝΩ ΓΑΛΑΤΣΙ
391,937,140-ΠΟΛΥΓΩΝΟ - ΓΛΥΦΑΔΑ
392,938,040-ΠΕΙΡΑΙΑΣ - ΣΥΝΤΑΓΜΑ
393,939,101-ΑΛΙΜΟΣ - ΕΛΛΗΝΙΚΟ
394,940,120-ΓΛΥΦΑΔΑ - ΒΑΡΗ - ΠΡΟΑΣΤΙΑΚΟΣ ΣΤ. ΚΟΡΩΠΙΟΥ
395,942,142-ΣΤ. ΑΡΓΥΡΟΥΠΟΛΗ - ΚΑΛΑΜΑΚΙ (ΚΥΚΛΙΚΗ)
396,944,162-ΒΟΥΛΑ - ΠΑΝΟΡΑΜΑ (ΚΥΚΛΙΚΗ)
397,946,204-ΣΤΡ. ΣΑΚΕΤΑ - ΑΚΑΔΗΜΙΑ (ΚΥΚΛΙΚΗ)
398,947,209-ΜΕΤΑΜΟΡΦΩΣΗ - ΣΥΝΤΑΓΜΑ (ΚΥΚΛΙΚΗ)
399,948,212-ΣΤ. ΔΑΦΝΗ - ΥΜΗΤΤΟΣ - ΒΥΡΩΝΑΣ - ΚΑΡΕΑΣ
400,949,220-ΑΝΩ ΙΛΙΣΙΑ - ΑΚΑΔΗΜΙΑ (ΚΥΚΛΙΚΗ)
401,950,235-ΖΩΓΡΑΦΟΥ - ΑΚΑΔΗΜΙΑ (ΚΥΚΛΙΚΗ)
402,951,242-ΣΤ. ΚΑΤΕΧΑΚΗ - ΠΟΛΥΤΕΧΝΕΙΟΥΠΟΛΗ (ΚΥΚΛΙΚΗ)
403,952,250-ΠΑΝΕΠΙΣΤΗΜΙΟΥΠΟΛΗ - ΣΤ. ΕΥΑΓΓΕΛΙΣΜΟΥ (ΚΥΚΛΙΚΗ)
404,953,304-ΣΤ. ΝΟΜΙΣΜΑΤΟΚΟΠΕΙΟ - ΑΡΤΕΜΙΣ (ΒΡΑΥΡΩΝΑ)
405,954,305-ΣΤ. ΝΟΜΙΣΜΑΤΟΚΟΠΕΙΟ - ΑΡΤΕΜΙΣ (ΑΓ. ΝΙΚΟΛΑΟΣ)
406,955,308-ΣΤ. ΝΟΜΙΣΜΑΤΟΚΟΠΕΙΟ - ΠΑΙΑΝΙΑ - ΚΟΡΩΠΙ
407,959,550-Π. ΦΑΛΗΡΟ - ΚΗΦΙΣΙΑ
408,960,608-ΓΑΛΑΤΣΙ - ΑΚΑΔΗΜΙΑ - ΝΕΚΡ. ΖΩΓΡΑΦΟΥ
409,961,910-ΣΤ. ΣΥΓΓΡΟΥ ΦΙΞ - ΤΖΙΤΖΙΦΙΕΣ (ΚΥΚΛΙΚΗ)
410,962,Α1-ΠΕΙΡΑΙΑΣ - ΒΟΥΛΑ
411,965,Α7-ΣΤΟΥΡΝΑΡΗ - ΚΗΦΙΣΙΑ (ΠΛΑΤΕΙΑ ΠΛΑΤΑΝΟΥ)
412,967,421-ΑΓ. ΑΝΑΡΓΥΡΟΙ - ΑΓ. ΠΑΡΑΣΚΕΥΗ
413,969,843-ΠΕΙΡΑΙΑΣ - ΠΕΡΑΜΑ
414,975,230-ΑΚΡΟΠΟΛΗ - ΖΩΓΡΑΦΟΥ
415,976,447-ΧΑΛΑΝΔΡΙ - ΑΝΩ ΒΡΙΛΗΣΣΙΑ
416,977,501-ΠΕΥΚΗ - ΜΑΡΟΥΣΙ (ΚΥΚΛΙΚΗ)
417,978,527-ΠΕΥΚΗ - ΝΕΡΑΤΖΙΩΤΙΣΣΑ (ΚΥΚΛΙΚΗ)
418,979,541-ΜΕΤΑΜΟΡΦΩΣΗ - ΣΤ. ΑΜΑΡΟΥΣΙΟΥ (ΚΥΚΛΙΚΗ)
419,981,602-Ν. ΙΩΝΙΑ - ΚΑΛΟΓΡΕΖΑ - ΣΤΑΘ. ΠΑΝΟΡΜΟΥ (ΚΥΚΛΙΚΗ)
420,982,642-ΗΡΑΚΛΕΙΟ - ΑΓ. ΝΕΚΤΑΡΙΟΣ - ΠΕΥΚΗ (ΚΥΚΛΙΚΗ)
421,983,604-ΝΟΣ. ΑΓ. ΑΝΑΡΓΥΡΟΙ - ΣΤ. ΜΕΤΑΜΟΡΦΩΣΗΣ - ΝΕΑ ΙΩΝΙΑ (ΚΥΚΛΙΚΗ)
422,984,640-ΤΟΠΙΚΗ ΗΡΑΚΛΕΙΟΥ (ΚΥΚΛΙΚΗ)
423,985,610-ΦΙΛΟΘΕΗ - ΑΜΠΕΛΟΚΗΠΟΙ (ΚΥΚΛΙΚΗ)
424,986,705-ΚΑΜΑΤΕΡΟ - ΙΛΙΟΝ - ΠΛ. ΑΓ. ΑΝΑΡΓΥΡΩΝ - ΣΤ. ΑΝΘΟΥΠΟΛΗ (ΚΥΚΛΙΚΗ)
425,987,701-ΚΑΜΑΤΕΡΟ - ΙΛΙΟΝ - ΣΤ. ΑΝΘΟΥΠΟΛΗ (ΚΥΚΛΙΚΗ)
426,989,730-ΛΟΦΟΣ ΑΞΙΩΜΑΤΙΚΩΝ - ΣΤ. ΑΓ. ΑΝΤΩΝΙΟΣ - ΖΩΟΔ. ΠΗΓΗ
427,990,747-ΠΕΤΡΟΥΠΟΛΗ - ΠΑΝΟΡΑΜΑ - ΣΤ. ΑΝΘΟΥΠΟΛΗ (ΚΥΚΛΙΚΗ)
428,991,876-ΕΛΕΥΣΙΝΑ - ΣΤ. ΑΓ. ΜΑΡΙΝΑ (ΚΥΚΛΙΚΗ)
429,993,Χ14-ΣΥΝΤΑΓΜΑ - ΚΗΦΙΣΙΑ (EXPRESS)
430,995,805-ΑΣΠΡΟΠΥΡΓΟΣ - ΝΕΟΚΤΙΣΤΑ
431,996,862-ΠΑΡΑΛΙΑ - ΑΝΩ ΕΛΕΥΣΙΝΑ
432,997,523-ΣΤΑΘΜΟΣ ΚΗΦΙΣΙΑΣ - ΑΔΑΜΕΣ Β (ΚΥΚΛΙΚΗ)
433,998,522-ΣΤΑΘΜΟΣ ΚΗΦΙΣΙΑΣ - ΑΔΑΜΕΣ Α (ΚΥΚΛΙΚΗ)
434,999,530-ΣΤΑΘΜΟΣ ΚΗΦΙΣΙΑΣ - ΜΕΛΙΣΣΙΑ - Ν. ΠΕΝΤΕΛΗ
